file,n_points,n_segments,min_label,max_label,labels,has_nan
valve_0002_lidar_classes.ply,5843,14,0,13,"0,1,2,3,4,5,6,7,8,9,10,11,12,13",False
valve_0003_lidar_classes.ply,5885,14,0,13,"0,1,2,3,4,5,6,7,8,9,10,11,12,13",False
valve_0004_lidar_classes.ply,5610,14,0,13,"0,1,2,3,4,5,6,7,8,9,10,11,12,13",False
valve_0005_lidar_classes.ply,5595,14,0,13,"0,1,2,3,4,5,6,7,8,9,10,11,12,13",False
valve_0006_lidar_classes.ply,5702,14,0,13,"0,1,2,3,4,5,6,7,8,9,10,11,12,13",False
valve_0007_lidar_classes.ply,5910,14,0,13,"0,1,2,3,4,5,6,7,8,9,10,11,12,13",False
valve_0008_lidar_classes.ply,5815,14,0,13,"0,1,2,3,4,5,6,7,8,9,10,11,12,13",False
valve_0009_lidar_classes.ply,5782,14,0,13,"0,1,2,3,4,5,6,7,8,9,10,11,12,13",False
valve_0010_lidar_classes.ply,5705,14,0,13,"0,1,2,3,4,5,6,7,8,9,10,11,12,13",False
valve_0011_lidar_classes.ply,5807,14,0,13,"0,1,2,3,4,5,6,7,8,9,10,11,12,13",False
valve_0012_lidar_classes.ply,6033,14,0,13,"0,1,2,3,4,5,6,7,8,9,10,11,12,13",False
valve_0013_lidar_classes.ply,5996,14,0,13,"0,1,2,3,4,5,6,7,8,9,10,11,12,13",False
valve_0014_lidar_classes.ply,5822,14,0,13,"0,1,2,3,4,5,6,7,8,9,10,11,12,13",False
valve_0015_lidar_classes.ply,5901,14,0,13,"0,1,2,3,4,5,6,7,8,9,10,11,12,13",False
valve_0016_lidar_classes.ply,5901,14,0,13,"0,1,2,3,4,5,6,7,8,9,10,11,12,13",False
valve_0017_lidar_classes.ply,5760,14,0,13,"0,1,2,3,4,5,6,7,8,9,10,11,12,13",False
valve_0018_lidar_classes.ply,5796,14,0,13,"0,1,2,3,4,5,6,7,8,9,10,11,12,13",False
valve_0019_lidar_classes.ply,5909,14,0,13,"0,1,2,3,4,5,6,7,8,9,10,11,12,13",False
valve_0020_lidar_classes.ply,5651,14,0,13,"0,1,2,3,4,5,6,7,8,9,10,11,12,13",False
valve_0021_lidar_classes.ply,5925,14,0,13,"0,1,2,3,4,5,6,7,8,9,10,11,12,13",False
valve_0022_lidar_classes.ply,5739,14,0,13,"0,1,2,3,4,5,6,7,8,9,10,11,12,13",False
valve_0023_lidar_classes.ply,5651,14,0,13,"0,1,2,3,4,5,6,7,8,9,10,11,12,13",False
valve_0024_lidar_classes.ply,5841,14,0,13,"0,1,2,3,4,5,6,7,8,9,10,11,12,13",False
valve_0025_lidar_classes.ply,5734,14,0,13,"0,1,2,3,4,5,6,7,8,9,10,11,12,13",False
valve_0026_lidar_classes.ply,5742,14,0,13,"0,1,2,3,4,5,6,7,8,9,10,11,12,13",False
valve_0027_lidar_classes.ply,5845,14,0,13,"0,1,2,3,4,5,6,7,8,9,10,11,12,13",False
valve_0028_lidar_classes.ply,6033,14,0,13,"0,1,2,3,4,5,6,7,8,9,10,11,12,13",False
valve_0030_lidar_classes.ply,6034,14,0,13,"0,1,2,3,4,5,6,7,8,9,10,11,12,13",False
valve_0031_lidar_classes.ply,5695,14,0,13,"0,1,2,3,4,5,6,7,8,9,10,11,12,13",False
valve_0032_lidar_classes.ply,6115,14,0,13,"0,1,2,3,4,5,6,7,8,9,10,11,12,13",False
valve_0033_lidar_classes.ply,5872,14,0,13,"0,1,2,3,4,5,6,7,8,9,10,11,12,13",False
valve_0034_lidar_classes.ply,5919,14,0,13,"0,1,2,3,4,5,6,7,8,9,10,11,12,13",False
valve_0035_lidar_classes.ply,5659,14,0,13,"0,1,2,3,4,5,6,7,8,9,10,11,12,13",False
valve_0036_lidar_classes.ply,5542,14,0,13,"0,1,2,3,4,5,6,7,8,9,10,11,12,13",False
valve_0037_lidar_classes.ply,5738,14,0,13,"0,1,2,3,4,5,6,7,8,9,10,11,12,13",False
valve_0038_lidar_classes.ply,6020,14,0,13,"0,1,2,3,4,5,6,7,8,9,10,11,12,13",False
valve_0039_lidar_classes.ply,5645,14,0,13,"0,1,2,3,4,5,6,7,8,9,10,11,12,13",False
valve_0040_lidar_classes.ply,5761,14,0,13,"0,1,2,3,4,5,6,7,8,9,10,11,12,13",False
valve_0041_lidar_classes.ply,6052,14,0,13,"0,1,2,3,4,5,6,7,8,9,10,11,12,13",False
valve_0042_lidar_classes.ply,5672,14,0,13,"0,1,2,3,4,5,6,7,8,9,10,11,12,13",False
valve_0043_lidar_classes.ply,5787,14,0,13,"0,1,2,3,4,5,6,7,8,9,10,11,12,13",False
valve_0044_lidar_classes.ply,5881,14,0,13,"0,1,2,3,4,5,6,7,8,9,10,11,12,13",False
valve_0045_lidar_classes.ply,5702,14,0,13,"0,1,2,3,4,5,6,7,8,9,10,11,12,13",False
valve_0046_lidar_classes.ply,5865,14,0,13,"0,1,2,3,4,5,6,7,8,9,10,11,12,13",False
valve_0047_lidar_classes.ply,5920,14,0,13,"0,1,2,3,4,5,6,7,8,9,10,11,12,13",False
valve_0048_lidar_classes.ply,6010,14,0,13,"0,1,2,3,4,5,6,7,8,9,10,11,12,13",False
valve_0049_lidar_classes.ply,5881,14,0,13,"0,1,2,3,4,5,6,7,8,9,10,11,12,13",False
valve_0050_lidar_classes.ply,5962,14,0,13,"0,1,2,3,4,5,6,7,8,9,10,11,12,13",False
valve_0051_lidar_classes.ply,5961,14,0,13,"0,1,2,3,4,5,6,7,8,9,10,11,12,13",False
valve_0052_lidar_classes.ply,5663,14,0,13,"0,1,2,3,4,5,6,7,8,9,10,11,12,13",False
valve_0053_lidar_classes.ply,5892,14,0,13,"0,1,2,3,4,5,6,7,8,9,10,11,12,13",False
valve_0054_lidar_classes.ply,5713,14,0,13,"0,1,2,3,4,5,6,7,8,9,10,11,12,13",False
valve_0055_lidar_classes.ply,5966,14,0,13,"0,1,2,3,4,5,6,7,8,9,10,11,12,13",False
valve_0056_lidar_classes.ply,5863,14,0,13,"0,1,2,3,4,5,6,7,8,9,10,11,12,13",False
valve_0057_lidar_classes.ply,5625,14,0,13,"0,1,2,3,4,5,6,7,8,9,10,11,12,13",False
valve_0058_lidar_classes.ply,5905,14,0,13,"0,1,2,3,4,5,6,7,8,9,10,11,12,13",False
valve_0059_lidar_classes.ply,5921,14,0,13,"0,1,2,3,4,5,6,7,8,9,10,11,12,13",False
valve_0060_lidar_classes.ply,5891,14,0,13,"0,1,2,3,4,5,6,7,8,9,10,11,12,13",False
valve_0061_lidar_classes.ply,5777,14,0,13,"0,1,2,3,4,5,6,7,8,9,10,11,12,13",False
valve_0062_lidar_classes.ply,5846,14,0,13,"0,1,2,3,4,5,6,7,8,9,10,11,12,13",False
valve_0063_lidar_classes.ply,5816,14,0,13,"0,1,2,3,4,5,6,7,8,9,10,11,12,13",False
valve_0064_lidar_classes.ply,5935,14,0,13,"0,1,2,3,4,5,6,7,8,9,10,11,12,13",False
valve_0065_lidar_classes.ply,5821,14,0,13,"0,1,2,3,4,5,6,7,8,9,10,11,12,13",False
valve_0066_lidar_classes.ply,5941,14,0,13,"0,1,2,3,4,5,6,7,8,9,10,11,12,13",False
valve_0068_lidar_classes.ply,5899,14,0,13,"0,1,2,3,4,5,6,7,8,9,10,11,12,13",False
valve_0069_lidar_classes.ply,5620,14,0,13,"0,1,2,3,4,5,6,7,8,9,10,11,12,13",False
valve_0070_lidar_classes.ply,5708,14,0,13,"0,1,2,3,4,5,6,7,8,9,10,11,12,13",False
valve_0071_lidar_classes.ply,5738,14,0,13,"0,1,2,3,4,5,6,7,8,9,10,11,12,13",False
valve_0072_lidar_classes.ply,5801,14,0,13,"0,1,2,3,4,5,6,7,8,9,10,11,12,13",False
valve_0073_lidar_classes.ply,6078,14,0,13,"0,1,2,3,4,5,6,7,8,9,10,11,12,13",False
valve_0074_lidar_classes.ply,5773,14,0,13,"0,1,2,3,4,5,6,7,8,9,10,11,12,13",False
valve_0075_lidar_classes.ply,5776,14,0,13,"0,1,2,3,4,5,6,7,8,9,10,11,12,13",False
valve_0076_lidar_classes.ply,5895,14,0,13,"0,1,2,3,4,5,6,7,8,9,10,11,12,13",False
valve_0077_lidar_classes.ply,5974,14,0,13,"0,1,2,3,4,5,6,7,8,9,10,11,12,13",False
valve_0078_lidar_classes.ply,5700,14,0,13,"0,1,2,3,4,5,6,7,8,9,10,11,12,13",False
valve_0079_lidar_classes.ply,5677,14,0,13,"0,1,2,3,4,5,6,7,8,9,10,11,12,13",False
valve_0080_lidar_classes.ply,5888,14,0,13,"0,1,2,3,4,5,6,7,8,9,10,11,12,13",False
valve_0081_lidar_classes.ply,5850,14,0,13,"0,1,2,3,4,5,6,7,8,9,10,11,12,13",False
valve_0082_lidar_classes.ply,5915,14,0,13,"0,1,2,3,4,5,6,7,8,9,10,11,12,13",False
valve_0084_lidar_classes.ply,5977,14,0,13,"0,1,2,3,4,5,6,7,8,9,10,11,12,13",False
valve_0085_lidar_classes.ply,5887,14,0,13,"0,1,2,3,4,5,6,7,8,9,10,11,12,13",False
valve_0086_lidar_classes.ply,5738,14,0,13,"0,1,2,3,4,5,6,7,8,9,10,11,12,13",False
valve_0087_lidar_classes.ply,5739,14,0,13,"0,1,2,3,4,5,6,7,8,9,10,11,12,13",False
valve_0088_lidar_classes.ply,5628,14,0,13,"0,1,2,3,4,5,6,7,8,9,10,11,12,13",False
valve_0089_lidar_classes.ply,6018,14,0,13,"0,1,2,3,4,5,6,7,8,9,10,11,12,13",False
valve_0090_lidar_classes.ply,5930,14,0,13,"0,1,2,3,4,5,6,7,8,9,10,11,12,13",False
valve_0091_lidar_classes.ply,5826,14,0,13,"0,1,2,3,4,5,6,7,8,9,10,11,12,13",False
valve_0092_lidar_classes.ply,6049,14,0,13,"0,1,2,3,4,5,6,7,8,9,10,11,12,13",False
valve_0093_lidar_classes.ply,5986,14,0,13,"0,1,2,3,4,5,6,7,8,9,10,11,12,13",False
valve_0094_lidar_classes.ply,5873,14,0,13,"0,1,2,3,4,5,6,7,8,9,10,11,12,13",False
valve_0095_lidar_classes.ply,5995,14,0,13,"0,1,2,3,4,5,6,7,8,9,10,11,12,13",False
valve_0096_lidar_classes.ply,5817,14,0,13,"0,1,2,3,4,5,6,7,8,9,10,11,12,13",False
valve_0097_lidar_classes.ply,5820,14,0,13,"0,1,2,3,4,5,6,7,8,9,10,11,12,13",False
valve_0098_lidar_classes.ply,5728,14,0,13,"0,1,2,3,4,5,6,7,8,9,10,11,12,13",False
valve_0099_lidar_classes.ply,5921,14,0,13,"0,1,2,3,4,5,6,7,8,9,10,11,12,13",False
valve_0100_lidar_classes.ply,5947,14,0,13,"0,1,2,3,4,5,6,7,8,9,10,11,12,13",False
valve_0101_lidar_classes.ply,5642,14,0,13,"0,1,2,3,4,5,6,7,8,9,10,11,12,13",False
valve_0102_lidar_classes.ply,5742,14,0,13,"0,1,2,3,4,5,6,7,8,9,10,11,12,13",False
valve_0103_lidar_classes.ply,5799,14,0,13,"0,1,2,3,4,5,6,7,8,9,10,11,12,13",False
valve_0104_lidar_classes.ply,6017,14,0,13,"0,1,2,3,4,5,6,7,8,9,10,11,12,13",False
valve_0105_lidar_classes.ply,5872,14,0,13,"0,1,2,3,4,5,6,7,8,9,10,11,12,13",False
valve_0106_lidar_classes.ply,5840,14,0,13,"0,1,2,3,4,5,6,7,8,9,10,11,12,13",False
valve_0107_lidar_classes.ply,5927,14,0,13,"0,1,2,3,4,5,6,7,8,9,10,11,12,13",False
valve_0108_lidar_classes.ply,6074,14,0,13,"0,1,2,3,4,5,6,7,8,9,10,11,12,13",False
valve_0109_lidar_classes.ply,5707,14,0,13,"0,1,2,3,4,5,6,7,8,9,10,11,12,13",False
valve_0110_lidar_classes.ply,5897,14,0,13,"0,1,2,3,4,5,6,7,8,9,10,11,12,13",False
valve_0111_lidar_classes.ply,5880,14,0,13,"0,1,2,3,4,5,6,7,8,9,10,11,12,13",False
valve_0112_lidar_classes.ply,5659,14,0,13,"0,1,2,3,4,5,6,7,8,9,10,11,12,13",False
valve_0113_lidar_classes.ply,5942,14,0,13,"0,1,2,3,4,5,6,7,8,9,10,11,12,13",False
valve_0114_lidar_classes.ply,5878,14,0,13,"0,1,2,3,4,5,6,7,8,9,10,11,12,13",False
valve_0115_lidar_classes.ply,5780,14,0,13,"0,1,2,3,4,5,6,7,8,9,10,11,12,13",False
valve_0116_lidar_classes.ply,5833,14,0,13,"0,1,2,3,4,5,6,7,8,9,10,11,12,13",False
valve_0117_lidar_classes.ply,5721,14,0,13,"0,1,2,3,4,5,6,7,8,9,10,11,12,13",False
valve_0118_lidar_classes.ply,5963,14,0,13,"0,1,2,3,4,5,6,7,8,9,10,11,12,13",False
valve_0119_lidar_classes.ply,5676,14,0,13,"0,1,2,3,4,5,6,7,8,9,10,11,12,13",False
valve_0120_lidar_classes.ply,5701,14,0,13,"0,1,2,3,4,5,6,7,8,9,10,11,12,13",False
valve_0121_lidar_classes.ply,5876,14,0,13,"0,1,2,3,4,5,6,7,8,9,10,11,12,13",False
valve_0122_lidar_classes.ply,5736,14,0,13,"0,1,2,3,4,5,6,7,8,9,10,11,12,13",False
valve_0123_lidar_classes.ply,5809,14,0,13,"0,1,2,3,4,5,6,7,8,9,10,11,12,13",False
valve_0124_lidar_classes.ply,5702,14,0,13,"0,1,2,3,4,5,6,7,8,9,10,11,12,13",False
valve_0125_lidar_classes.ply,5839,14,0,13,"0,1,2,3,4,5,6,7,8,9,10,11,12,13",False
valve_0126_lidar_classes.ply,5843,14,0,13,"0,1,2,3,4,5,6,7,8,9,10,11,12,13",False
valve_0127_lidar_classes.ply,5989,14,0,13,"0,1,2,3,4,5,6,7,8,9,10,11,12,13",False
valve_0128_lidar_classes.ply,5993,14,0,13,"0,1,2,3,4,5,6,7,8,9,10,11,12,13",False
valve_0129_lidar_classes.ply,5856,14,0,13,"0,1,2,3,4,5,6,7,8,9,10,11,12,13",False
valve_0130_lidar_classes.ply,5872,14,0,13,"0,1,2,3,4,5,6,7,8,9,10,11,12,13",False
valve_0131_lidar_classes.ply,5878,14,0,13,"0,1,2,3,4,5,6,7,8,9,10,11,12,13",False
valve_0132_lidar_classes.ply,5852,14,0,13,"0,1,2,3,4,5,6,7,8,9,10,11,12,13",False
valve_0133_lidar_classes.ply,5940,14,0,13,"0,1,2,3,4,5,6,7,8,9,10,11,12,13",False
valve_0134_lidar_classes.ply,5839,14,0,13,"0,1,2,3,4,5,6,7,8,9,10,11,12,13",False
valve_0136_lidar_classes.ply,5826,14,0,13,"0,1,2,3,4,5,6,7,8,9,10,11,12,13",False
valve_0137_lidar_classes.ply,5797,14,0,13,"0,1,2,3,4,5,6,7,8,9,10,11,12,13",False
valve_0138_lidar_classes.ply,5788,14,0,13,"0,1,2,3,4,5,6,7,8,9,10,11,12,13",False
valve_0139_lidar_classes.ply,5709,14,0,13,"0,1,2,3,4,5,6,7,8,9,10,11,12,13",False
valve_0140_lidar_classes.ply,5868,14,0,13,"0,1,2,3,4,5,6,7,8,9,10,11,12,13",False
valve_0141_lidar_classes.ply,5587,14,0,13,"0,1,2,3,4,5,6,7,8,9,10,11,12,13",False
valve_0142_lidar_classes.ply,6026,14,0,13,"0,1,2,3,4,5,6,7,8,9,10,11,12,13",False
valve_0143_lidar_classes.ply,5814,14,0,13,"0,1,2,3,4,5,6,7,8,9,10,11,12,13",False
valve_0144_lidar_classes.ply,5704,14,0,13,"0,1,2,3,4,5,6,7,8,9,10,11,12,13",False
valve_0145_lidar_classes.ply,6031,14,0,13,"0,1,2,3,4,5,6,7,8,9,10,11,12,13",False
valve_0146_lidar_classes.ply,5716,14,0,13,"0,1,2,3,4,5,6,7,8,9,10,11,12,13",False
valve_0147_lidar_classes.ply,6002,14,0,13,"0,1,2,3,4,5,6,7,8,9,10,11,12,13",False
valve_0148_lidar_classes.ply,5814,14,0,13,"0,1,2,3,4,5,6,7,8,9,10,11,12,13",False
valve_0149_lidar_classes.ply,5766,14,0,13,"0,1,2,3,4,5,6,7,8,9,10,11,12,13",False
valve_0150_lidar_classes.ply,5994,14,0,13,"0,1,2,3,4,5,6,7,8,9,10,11,12,13",False
valve_0151_lidar_classes.ply,5730,14,0,13,"0,1,2,3,4,5,6,7,8,9,10,11,12,13",False
valve_0152_lidar_classes.ply,5830,14,0,13,"0,1,2,3,4,5,6,7,8,9,10,11,12,13",False
valve_0154_lidar_classes.ply,5728,14,0,13,"0,1,2,3,4,5,6,7,8,9,10,11,12,13",False
valve_0155_lidar_classes.ply,6120,14,0,13,"0,1,2,3,4,5,6,7,8,9,10,11,12,13",False
valve_0156_lidar_classes.ply,5944,14,0,13,"0,1,2,3,4,5,6,7,8,9,10,11,12,13",False
valve_0157_lidar_classes.ply,5951,14,0,13,"0,1,2,3,4,5,6,7,8,9,10,11,12,13",False
valve_0158_lidar_classes.ply,5848,14,0,13,"0,1,2,3,4,5,6,7,8,9,10,11,12,13",False
valve_0159_lidar_classes.ply,5633,14,0,13,"0,1,2,3,4,5,6,7,8,9,10,11,12,13",False
valve_0160_lidar_classes.ply,5884,14,0,13,"0,1,2,3,4,5,6,7,8,9,10,11,12,13",False
valve_0161_lidar_classes.ply,5668,14,0,13,"0,1,2,3,4,5,6,7,8,9,10,11,12,13",False
valve_0162_lidar_classes.ply,5643,14,0,13,"0,1,2,3,4,5,6,7,8,9,10,11,12,13",False
valve_0163_lidar_classes.ply,5854,14,0,13,"0,1,2,3,4,5,6,7,8,9,10,11,12,13",False
valve_0164_lidar_classes.ply,5716,14,0,13,"0,1,2,3,4,5,6,7,8,9,10,11,12,13",False
valve_0165_lidar_classes.ply,5651,14,0,13,"0,1,2,3,4,5,6,7,8,9,10,11,12,13",False
valve_0166_lidar_classes.ply,5922,14,0,13,"0,1,2,3,4,5,6,7,8,9,10,11,12,13",False
valve_0168_lidar_classes.ply,5972,14,0,13,"0,1,2,3,4,5,6,7,8,9,10,11,12,13",False
valve_0169_lidar_classes.ply,5756,14,0,13,"0,1,2,3,4,5,6,7,8,9,10,11,12,13",False
valve_0170_lidar_classes.ply,5793,14,0,13,"0,1,2,3,4,5,6,7,8,9,10,11,12,13",False
valve_0171_lidar_classes.ply,6024,14,0,13,"0,1,2,3,4,5,6,7,8,9,10,11,12,13",False
valve_0172_lidar_classes.ply,5952,14,0,13,"0,1,2,3,4,5,6,7,8,9,10,11,12,13",False
valve_0173_lidar_classes.ply,6008,14,0,13,"0,1,2,3,4,5,6,7,8,9,10,11,12,13",False
valve_0174_lidar_classes.ply,5677,14,0,13,"0,1,2,3,4,5,6,7,8,9,10,11,12,13",False
valve_0175_lidar_classes.ply,5838,14,0,13,"0,1,2,3,4,5,6,7,8,9,10,11,12,13",False
valve_0176_lidar_classes.ply,5842,14,0,13,"0,1,2,3,4,5,6,7,8,9,10,11,12,13",False
valve_0177_lidar_classes.ply,5710,14,0,13,"0,1,2,3,4,5,6,7,8,9,10,11,12,13",False
valve_0178_lidar_classes.ply,5751,14,0,13,"0,1,2,3,4,5,6,7,8,9,10,11,12,13",False
valve_0179_lidar_classes.ply,6019,14,0,13,"0,1,2,3,4,5,6,7,8,9,10,11,12,13",False
valve_0180_lidar_classes.ply,5900,14,0,13,"0,1,2,3,4,5,6,7,8,9,10,11,12,13",False
valve_0181_lidar_classes.ply,5698,14,0,13,"0,1,2,3,4,5,6,7,8,9,10,11,12,13",False
valve_0182_lidar_classes.ply,5866,14,0,13,"0,1,2,3,4,5,6,7,8,9,10,11,12,13",False
valve_0184_lidar_classes.ply,5678,14,0,13,"0,1,2,3,4,5,6,7,8,9,10,11,12,13",False
valve_0185_lidar_classes.ply,5762,14,0,13,"0,1,2,3,4,5,6,7,8,9,10,11,12,13",False
valve_0186_lidar_classes.ply,6022,14,0,13,"0,1,2,3,4,5,6,7,8,9,10,11,12,13",False
valve_0187_lidar_classes.ply,5817,14,0,13,"0,1,2,3,4,5,6,7,8,9,10,11,12,13",False
valve_0188_lidar_classes.ply,5893,14,0,13,"0,1,2,3,4,5,6,7,8,9,10,11,12,13",False
valve_0189_lidar_classes.ply,5897,14,0,13,"0,1,2,3,4,5,6,7,8,9,10,11,12,13",False
valve_0190_lidar_classes.ply,5741,14,0,13,"0,1,2,3,4,5,6,7,8,9,10,11,12,13",False
valve_0191_lidar_classes.ply,5907,14,0,13,"0,1,2,3,4,5,6,7,8,9,10,11,12,13",False
valve_0192_lidar_classes.ply,5774,14,0,13,"0,1,2,3,4,5,6,7,8,9,10,11,12,13",False
valve_0193_lidar_classes.ply,5686,14,0,13,"0,1,2,3,4,5,6,7,8,9,10,11,12,13",False
valve_0194_lidar_classes.ply,5944,14,0,13,"0,1,2,3,4,5,6,7,8,9,10,11,12,13",False
valve_0195_lidar_classes.ply,5788,14,0,13,"0,1,2,3,4,5,6,7,8,9,10,11,12,13",False
valve_0196_lidar_classes.ply,5897,14,0,13,"0,1,2,3,4,5,6,7,8,9,10,11,12,13",False
valve_0197_lidar_classes.ply,6016,14,0,13,"0,1,2,3,4,5,6,7,8,9,10,11,12,13",False
valve_0198_lidar_classes.ply,5693,14,0,13,"0,1,2,3,4,5,6,7,8,9,10,11,12,13",False
valve_0199_lidar_classes.ply,5727,14,0,13,"0,1,2,3,4,5,6,7,8,9,10,11,12,13",False
valve_0200_lidar_classes.ply,5703,14,0,13,"0,1,2,3,4,5,6,7,8,9,10,11,12,13",False
valve_0201_lidar_classes.ply,5706,14,0,13,"0,1,2,3,4,5,6,7,8,9,10,11,12,13",False
valve_0202_lidar_classes.ply,5715,14,0,13,"0,1,2,3,4,5,6,7,8,9,10,11,12,13",False
valve_0203_lidar_classes.ply,5661,14,0,13,"0,1,2,3,4,5,6,7,8,9,10,11,12,13",False
valve_0205_lidar_classes.ply,5794,14,0,13,"0,1,2,3,4,5,6,7,8,9,10,11,12,13",False
valve_0206_lidar_classes.ply,6134,14,0,13,"0,1,2,3,4,5,6,7,8,9,10,11,12,13",False
valve_0207_lidar_classes.ply,5896,14,0,13,"0,1,2,3,4,5,6,7,8,9,10,11,12,13",False
valve_0208_lidar_classes.ply,5646,14,0,13,"0,1,2,3,4,5,6,7,8,9,10,11,12,13",False
valve_0209_lidar_classes.ply,5789,14,0,13,"0,1,2,3,4,5,6,7,8,9,10,11,12,13",False
valve_0210_lidar_classes.ply,5769,14,0,13,"0,1,2,3,4,5,6,7,8,9,10,11,12,13",False
valve_0211_lidar_classes.ply,5887,14,0,13,"0,1,2,3,4,5,6,7,8,9,10,11,12,13",False
valve_0212_lidar_classes.ply,5995,14,0,13,"0,1,2,3,4,5,6,7,8,9,10,11,12,13",False
valve_0213_lidar_classes.ply,5691,14,0,13,"0,1,2,3,4,5,6,7,8,9,10,11,12,13",False
valve_0214_lidar_classes.ply,5895,14,0,13,"0,1,2,3,4,5,6,7,8,9,10,11,12,13",False
valve_0215_lidar_classes.ply,6009,14,0,13,"0,1,2,3,4,5,6,7,8,9,10,11,12,13",False
valve_0216_lidar_classes.ply,5949,14,0,13,"0,1,2,3,4,5,6,7,8,9,10,11,12,13",False
valve_0217_lidar_classes.ply,5810,14,0,13,"0,1,2,3,4,5,6,7,8,9,10,11,12,13",False
valve_0218_lidar_classes.ply,5837,14,0,13,"0,1,2,3,4,5,6,7,8,9,10,11,12,13",False
valve_0219_lidar_classes.ply,5883,14,0,13,"0,1,2,3,4,5,6,7,8,9,10,11,12,13",False
valve_0220_lidar_classes.ply,5907,14,0,13,"0,1,2,3,4,5,6,7,8,9,10,11,12,13",False
valve_0221_lidar_classes.ply,5771,14,0,13,"0,1,2,3,4,5,6,7,8,9,10,11,12,13",False
valve_0222_lidar_classes.ply,5624,14,0,13,"0,1,2,3,4,5,6,7,8,9,10,11,12,13",False
valve_0223_lidar_classes.ply,6017,14,0,13,"0,1,2,3,4,5,6,7,8,9,10,11,12,13",False
valve_0224_lidar_classes.ply,5715,14,0,13,"0,1,2,3,4,5,6,7,8,9,10,11,12,13",False
valve_0225_lidar_classes.ply,5773,14,0,13,"0,1,2,3,4,5,6,7,8,9,10,11,12,13",False
valve_0226_lidar_classes.ply,5733,14,0,13,"0,1,2,3,4,5,6,7,8,9,10,11,12,13",False
valve_0227_lidar_classes.ply,5760,14,0,13,"0,1,2,3,4,5,6,7,8,9,10,11,12,13",False
valve_0228_lidar_classes.ply,5825,14,0,13,"0,1,2,3,4,5,6,7,8,9,10,11,12,13",False
valve_0229_lidar_classes.ply,5768,14,0,13,"0,1,2,3,4,5,6,7,8,9,10,11,12,13",False
valve_0231_lidar_classes.ply,6010,14,0,13,"0,1,2,3,4,5,6,7,8,9,10,11,12,13",False
valve_0232_lidar_classes.ply,5989,14,0,13,"0,1,2,3,4,5,6,7,8,9,10,11,12,13",False
valve_0233_lidar_classes.ply,5832,14,0,13,"0,1,2,3,4,5,6,7,8,9,10,11,12,13",False
valve_0234_lidar_classes.ply,5926,14,0,13,"0,1,2,3,4,5,6,7,8,9,10,11,12,13",False
valve_0235_lidar_classes.ply,5793,14,0,13,"0,1,2,3,4,5,6,7,8,9,10,11,12,13",False
valve_0236_lidar_classes.ply,5766,14,0,13,"0,1,2,3,4,5,6,7,8,9,10,11,12,13",False
valve_0237_lidar_classes.ply,5731,14,0,13,"0,1,2,3,4,5,6,7,8,9,10,11,12,13",False
valve_0238_lidar_classes.ply,6039,14,0,13,"0,1,2,3,4,5,6,7,8,9,10,11,12,13",False
valve_0239_lidar_classes.ply,5778,14,0,13,"0,1,2,3,4,5,6,7,8,9,10,11,12,13",False
valve_0240_lidar_classes.ply,5565,14,0,13,"0,1,2,3,4,5,6,7,8,9,10,11,12,13",False
valve_0241_lidar_classes.ply,5921,14,0,13,"0,1,2,3,4,5,6,7,8,9,10,11,12,13",False
valve_0242_lidar_classes.ply,6044,14,0,13,"0,1,2,3,4,5,6,7,8,9,10,11,12,13",False
valve_0243_lidar_classes.ply,5987,14,0,13,"0,1,2,3,4,5,6,7,8,9,10,11,12,13",False
valve_0244_lidar_classes.ply,5681,14,0,13,"0,1,2,3,4,5,6,7,8,9,10,11,12,13",False
valve_0245_lidar_classes.ply,6142,14,0,13,"0,1,2,3,4,5,6,7,8,9,10,11,12,13",False
valve_0246_lidar_classes.ply,5896,14,0,13,"0,1,2,3,4,5,6,7,8,9,10,11,12,13",False
valve_0247_lidar_classes.ply,5657,14,0,13,"0,1,2,3,4,5,6,7,8,9,10,11,12,13",False
valve_0248_lidar_classes.ply,5996,14,0,13,"0,1,2,3,4,5,6,7,8,9,10,11,12,13",False
valve_0249_lidar_classes.ply,5913,14,0,13,"0,1,2,3,4,5,6,7,8,9,10,11,12,13",False
valve_0250_lidar_classes.ply,5966,14,0,13,"0,1,2,3,4,5,6,7,8,9,10,11,12,13",False
valve_0251_lidar_classes.ply,5697,14,0,13,"0,1,2,3,4,5,6,7,8,9,10,11,12,13",False
valve_0252_lidar_classes.ply,6053,14,0,13,"0,1,2,3,4,5,6,7,8,9,10,11,12,13",False
valve_0253_lidar_classes.ply,5856,14,0,13,"0,1,2,3,4,5,6,7,8,9,10,11,12,13",False
valve_0254_lidar_classes.ply,5699,14,0,13,"0,1,2,3,4,5,6,7,8,9,10,11,12,13",False
valve_0255_lidar_classes.ply,6036,14,0,13,"0,1,2,3,4,5,6,7,8,9,10,11,12,13",False
valve_0256_lidar_classes.ply,6031,14,0,13,"0,1,2,3,4,5,6,7,8,9,10,11,12,13",False
valve_0257_lidar_classes.ply,6013,14,0,13,"0,1,2,3,4,5,6,7,8,9,10,11,12,13",False
valve_0258_lidar_classes.ply,5780,14,0,13,"0,1,2,3,4,5,6,7,8,9,10,11,12,13",False
valve_0259_lidar_classes.ply,5927,14,0,13,"0,1,2,3,4,5,6,7,8,9,10,11,12,13",False
valve_0260_lidar_classes.ply,5676,14,0,13,"0,1,2,3,4,5,6,7,8,9,10,11,12,13",False
valve_0261_lidar_classes.ply,5909,14,0,13,"0,1,2,3,4,5,6,7,8,9,10,11,12,13",False
valve_0263_lidar_classes.ply,5978,14,0,13,"0,1,2,3,4,5,6,7,8,9,10,11,12,13",False
valve_0264_lidar_classes.ply,5779,14,0,13,"0,1,2,3,4,5,6,7,8,9,10,11,12,13",False
valve_0265_lidar_classes.ply,5900,14,0,13,"0,1,2,3,4,5,6,7,8,9,10,11,12,13",False
valve_0266_lidar_classes.ply,6043,14,0,13,"0,1,2,3,4,5,6,7,8,9,10,11,12,13",False
valve_0267_lidar_classes.ply,5683,14,0,13,"0,1,2,3,4,5,6,7,8,9,10,11,12,13",False
valve_0268_lidar_classes.ply,5806,14,0,13,"0,1,2,3,4,5,6,7,8,9,10,11,12,13",False
valve_0269_lidar_classes.ply,5970,14,0,13,"0,1,2,3,4,5,6,7,8,9,10,11,12,13",False
valve_0270_lidar_classes.ply,6000,14,0,13,"0,1,2,3,4,5,6,7,8,9,10,11,12,13",False
valve_0271_lidar_classes.ply,5840,14,0,13,"0,1,2,3,4,5,6,7,8,9,10,11,12,13",False
valve_0272_lidar_classes.ply,5693,14,0,13,"0,1,2,3,4,5,6,7,8,9,10,11,12,13",False
valve_0273_lidar_classes.ply,5794,14,0,13,"0,1,2,3,4,5,6,7,8,9,10,11,12,13",False
valve_0274_lidar_classes.ply,5682,14,0,13,"0,1,2,3,4,5,6,7,8,9,10,11,12,13",False
valve_0275_lidar_classes.ply,5711,14,0,13,"0,1,2,3,4,5,6,7,8,9,10,11,12,13",False
valve_0276_lidar_classes.ply,5964,14,0,13,"0,1,2,3,4,5,6,7,8,9,10,11,12,13",False
valve_0277_lidar_classes.ply,5677,14,0,13,"0,1,2,3,4,5,6,7,8,9,10,11,12,13",False
valve_0278_lidar_classes.ply,6045,14,0,13,"0,1,2,3,4,5,6,7,8,9,10,11,12,13",False
valve_0279_lidar_classes.ply,6019,14,0,13,"0,1,2,3,4,5,6,7,8,9,10,11,12,13",False
valve_0280_lidar_classes.ply,5815,14,0,13,"0,1,2,3,4,5,6,7,8,9,10,11,12,13",False
valve_0281_lidar_classes.ply,5826,14,0,13,"0,1,2,3,4,5,6,7,8,9,10,11,12,13",False
valve_0282_lidar_classes.ply,5875,14,0,13,"0,1,2,3,4,5,6,7,8,9,10,11,12,13",False
valve_0283_lidar_classes.ply,5905,14,0,13,"0,1,2,3,4,5,6,7,8,9,10,11,12,13",False
valve_0284_lidar_classes.ply,5905,14,0,13,"0,1,2,3,4,5,6,7,8,9,10,11,12,13",False
valve_0285_lidar_classes.ply,5692,14,0,13,"0,1,2,3,4,5,6,7,8,9,10,11,12,13",False
valve_0286_lidar_classes.ply,5932,14,0,13,"0,1,2,3,4,5,6,7,8,9,10,11,12,13",False
valve_0287_lidar_classes.ply,6049,14,0,13,"0,1,2,3,4,5,6,7,8,9,10,11,12,13",False
valve_0288_lidar_classes.ply,5670,14,0,13,"0,1,2,3,4,5,6,7,8,9,10,11,12,13",False
valve_0289_lidar_classes.ply,5801,14,0,13,"0,1,2,3,4,5,6,7,8,9,10,11,12,13",False
valve_0290_lidar_classes.ply,5859,14,0,13,"0,1,2,3,4,5,6,7,8,9,10,11,12,13",False
valve_0291_lidar_classes.ply,5658,14,0,13,"0,1,2,3,4,5,6,7,8,9,10,11,12,13",False
valve_0292_lidar_classes.ply,5872,14,0,13,"0,1,2,3,4,5,6,7,8,9,10,11,12,13",False
valve_0293_lidar_classes.ply,5708,14,0,13,"0,1,2,3,4,5,6,7,8,9,10,11,12,13",False
valve_0294_lidar_classes.ply,5705,14,0,13,"0,1,2,3,4,5,6,7,8,9,10,11,12,13",False
valve_0295_lidar_classes.ply,5935,14,0,13,"0,1,2,3,4,5,6,7,8,9,10,11,12,13",False
valve_0296_lidar_classes.ply,5883,14,0,13,"0,1,2,3,4,5,6,7,8,9,10,11,12,13",False
valve_0297_lidar_classes.ply,5675,14,0,13,"0,1,2,3,4,5,6,7,8,9,10,11,12,13",False
valve_0298_lidar_classes.ply,5673,14,0,13,"0,1,2,3,4,5,6,7,8,9,10,11,12,13",False
valve_0299_lidar_classes.ply,5839,14,0,13,"0,1,2,3,4,5,6,7,8,9,10,11,12,13",False
valve_0300_lidar_classes.ply,5949,14,0,13,"0,1,2,3,4,5,6,7,8,9,10,11,12,13",False
valve_0301_lidar_classes.ply,5800,14,0,13,"0,1,2,3,4,5,6,7,8,9,10,11,12,13",False
valve_0302_lidar_classes.ply,5852,14,0,13,"0,1,2,3,4,5,6,7,8,9,10,11,12,13",False
valve_0303_lidar_classes.ply,5911,14,0,13,"0,1,2,3,4,5,6,7,8,9,10,11,12,13",False
valve_0304_lidar_classes.ply,5654,14,0,13,"0,1,2,3,4,5,6,7,8,9,10,11,12,13",False
valve_0305_lidar_classes.ply,5695,14,0,13,"0,1,2,3,4,5,6,7,8,9,10,11,12,13",False
valve_0306_lidar_classes.ply,5778,14,0,13,"0,1,2,3,4,5,6,7,8,9,10,11,12,13",False
valve_0307_lidar_classes.ply,5948,14,0,13,"0,1,2,3,4,5,6,7,8,9,10,11,12,13",False
valve_0308_lidar_classes.ply,5956,14,0,13,"0,1,2,3,4,5,6,7,8,9,10,11,12,13",False
valve_0309_lidar_classes.ply,6032,14,0,13,"0,1,2,3,4,5,6,7,8,9,10,11,12,13",False
valve_0310_lidar_classes.ply,5775,14,0,13,"0,1,2,3,4,5,6,7,8,9,10,11,12,13",False
valve_0311_lidar_classes.ply,5786,14,0,13,"0,1,2,3,4,5,6,7,8,9,10,11,12,13",False
valve_0312_lidar_classes.ply,5841,14,0,13,"0,1,2,3,4,5,6,7,8,9,10,11,12,13",False
valve_0313_lidar_classes.ply,6023,14,0,13,"0,1,2,3,4,5,6,7,8,9,10,11,12,13",False
valve_0314_lidar_classes.ply,6066,14,0,13,"0,1,2,3,4,5,6,7,8,9,10,11,12,13",False
valve_0315_lidar_classes.ply,5833,14,0,13,"0,1,2,3,4,5,6,7,8,9,10,11,12,13",False
valve_0316_lidar_classes.ply,5903,14,0,13,"0,1,2,3,4,5,6,7,8,9,10,11,12,13",False
valve_0317_lidar_classes.ply,5883,14,0,13,"0,1,2,3,4,5,6,7,8,9,10,11,12,13",False
valve_0319_lidar_classes.ply,6013,14,0,13,"0,1,2,3,4,5,6,7,8,9,10,11,12,13",False
valve_0320_lidar_classes.ply,5918,14,0,13,"0,1,2,3,4,5,6,7,8,9,10,11,12,13",False
valve_0321_lidar_classes.ply,5668,14,0,13,"0,1,2,3,4,5,6,7,8,9,10,11,12,13",False
valve_0322_lidar_classes.ply,5570,14,0,13,"0,1,2,3,4,5,6,7,8,9,10,11,12,13",False
valve_0323_lidar_classes.ply,5571,14,0,13,"0,1,2,3,4,5,6,7,8,9,10,11,12,13",False
valve_0324_lidar_classes.ply,5714,14,0,13,"0,1,2,3,4,5,6,7,8,9,10,11,12,13",False
valve_0325_lidar_classes.ply,6014,14,0,13,"0,1,2,3,4,5,6,7,8,9,10,11,12,13",False
valve_0326_lidar_classes.ply,5764,14,0,13,"0,1,2,3,4,5,6,7,8,9,10,11,12,13",False
valve_0327_lidar_classes.ply,5773,14,0,13,"0,1,2,3,4,5,6,7,8,9,10,11,12,13",False
valve_0328_lidar_classes.ply,5956,14,0,13,"0,1,2,3,4,5,6,7,8,9,10,11,12,13",False
valve_0329_lidar_classes.ply,5952,14,0,13,"0,1,2,3,4,5,6,7,8,9,10,11,12,13",False
valve_0331_lidar_classes.ply,5854,14,0,13,"0,1,2,3,4,5,6,7,8,9,10,11,12,13",False
valve_0332_lidar_classes.ply,5987,14,0,13,"0,1,2,3,4,5,6,7,8,9,10,11,12,13",False
valve_0333_lidar_classes.ply,5812,14,0,13,"0,1,2,3,4,5,6,7,8,9,10,11,12,13",False
valve_0334_lidar_classes.ply,5986,14,0,13,"0,1,2,3,4,5,6,7,8,9,10,11,12,13",False
valve_0335_lidar_classes.ply,5800,14,0,13,"0,1,2,3,4,5,6,7,8,9,10,11,12,13",False
valve_0336_lidar_classes.ply,5813,14,0,13,"0,1,2,3,4,5,6,7,8,9,10,11,12,13",False
valve_0337_lidar_classes.ply,5749,14,0,13,"0,1,2,3,4,5,6,7,8,9,10,11,12,13",False
valve_0338_lidar_classes.ply,6042,14,0,13,"0,1,2,3,4,5,6,7,8,9,10,11,12,13",False
valve_0339_lidar_classes.ply,5613,14,0,13,"0,1,2,3,4,5,6,7,8,9,10,11,12,13",False
valve_0340_lidar_classes.ply,5936,14,0,13,"0,1,2,3,4,5,6,7,8,9,10,11,12,13",False
valve_0341_lidar_classes.ply,5800,14,0,13,"0,1,2,3,4,5,6,7,8,9,10,11,12,13",False
valve_0342_lidar_classes.ply,5919,14,0,13,"0,1,2,3,4,5,6,7,8,9,10,11,12,13",False
valve_0343_lidar_classes.ply,5812,14,0,13,"0,1,2,3,4,5,6,7,8,9,10,11,12,13",False
valve_0344_lidar_classes.ply,5787,14,0,13,"0,1,2,3,4,5,6,7,8,9,10,11,12,13",False
valve_0345_lidar_classes.ply,5731,14,0,13,"0,1,2,3,4,5,6,7,8,9,10,11,12,13",False
valve_0346_lidar_classes.ply,5909,14,0,13,"0,1,2,3,4,5,6,7,8,9,10,11,12,13",False
valve_0347_lidar_classes.ply,5643,14,0,13,"0,1,2,3,4,5,6,7,8,9,10,11,12,13",False
valve_0348_lidar_classes.ply,5805,14,0,13,"0,1,2,3,4,5,6,7,8,9,10,11,12,13",False
valve_0349_lidar_classes.ply,6074,14,0,13,"0,1,2,3,4,5,6,7,8,9,10,11,12,13",False
valve_0350_lidar_classes.ply,5943,14,0,13,"0,1,2,3,4,5,6,7,8,9,10,11,12,13",False
valve_0351_lidar_classes.ply,5774,14,0,13,"0,1,2,3,4,5,6,7,8,9,10,11,12,13",False
valve_0352_lidar_classes.ply,5668,14,0,13,"0,1,2,3,4,5,6,7,8,9,10,11,12,13",False
valve_0353_lidar_classes.ply,5823,14,0,13,"0,1,2,3,4,5,6,7,8,9,10,11,12,13",False
valve_0354_lidar_classes.ply,6046,14,0,13,"0,1,2,3,4,5,6,7,8,9,10,11,12,13",False
valve_0355_lidar_classes.ply,5922,14,0,13,"0,1,2,3,4,5,6,7,8,9,10,11,12,13",False
valve_0357_lidar_classes.ply,5659,14,0,13,"0,1,2,3,4,5,6,7,8,9,10,11,12,13",False
valve_0358_lidar_classes.ply,5810,14,0,13,"0,1,2,3,4,5,6,7,8,9,10,11,12,13",False
valve_0359_lidar_classes.ply,5713,14,0,13,"0,1,2,3,4,5,6,7,8,9,10,11,12,13",False
valve_0360_lidar_classes.ply,5922,14,0,13,"0,1,2,3,4,5,6,7,8,9,10,11,12,13",False
valve_0361_lidar_classes.ply,5767,14,0,13,"0,1,2,3,4,5,6,7,8,9,10,11,12,13",False
valve_0362_lidar_classes.ply,5720,14,0,13,"0,1,2,3,4,5,6,7,8,9,10,11,12,13",False
valve_0363_lidar_classes.ply,5730,14,0,13,"0,1,2,3,4,5,6,7,8,9,10,11,12,13",False
valve_0364_lidar_classes.ply,5767,14,0,13,"0,1,2,3,4,5,6,7,8,9,10,11,12,13",False
valve_0365_lidar_classes.ply,6094,14,0,13,"0,1,2,3,4,5,6,7,8,9,10,11,12,13",False
valve_0366_lidar_classes.ply,5972,14,0,13,"0,1,2,3,4,5,6,7,8,9,10,11,12,13",False
valve_0367_lidar_classes.ply,5966,14,0,13,"0,1,2,3,4,5,6,7,8,9,10,11,12,13",False
valve_0368_lidar_classes.ply,5991,14,0,13,"0,1,2,3,4,5,6,7,8,9,10,11,12,13",False
valve_0369_lidar_classes.ply,5718,14,0,13,"0,1,2,3,4,5,6,7,8,9,10,11,12,13",False
valve_0370_lidar_classes.ply,5777,14,0,13,"0,1,2,3,4,5,6,7,8,9,10,11,12,13",False
valve_0371_lidar_classes.ply,5807,14,0,13,"0,1,2,3,4,5,6,7,8,9,10,11,12,13",False
valve_0372_lidar_classes.ply,5879,14,0,13,"0,1,2,3,4,5,6,7,8,9,10,11,12,13",False
valve_0373_lidar_classes.ply,5879,14,0,13,"0,1,2,3,4,5,6,7,8,9,10,11,12,13",False
valve_0374_lidar_classes.ply,5718,14,0,13,"0,1,2,3,4,5,6,7,8,9,10,11,12,13",False
valve_0375_lidar_classes.ply,5925,14,0,13,"0,1,2,3,4,5,6,7,8,9,10,11,12,13",False
valve_0376_lidar_classes.ply,5726,14,0,13,"0,1,2,3,4,5,6,7,8,9,10,11,12,13",False
valve_0377_lidar_classes.ply,5726,14,0,13,"0,1,2,3,4,5,6,7,8,9,10,11,12,13",False
valve_0378_lidar_classes.ply,5681,14,0,13,"0,1,2,3,4,5,6,7,8,9,10,11,12,13",False
valve_0379_lidar_classes.ply,6101,14,0,13,"0,1,2,3,4,5,6,7,8,9,10,11,12,13",False
valve_0380_lidar_classes.ply,5712,14,0,13,"0,1,2,3,4,5,6,7,8,9,10,11,12,13",False
valve_0381_lidar_classes.ply,5698,14,0,13,"0,1,2,3,4,5,6,7,8,9,10,11,12,13",False
valve_0382_lidar_classes.ply,5759,14,0,13,"0,1,2,3,4,5,6,7,8,9,10,11,12,13",False
valve_0383_lidar_classes.ply,5680,14,0,13,"0,1,2,3,4,5,6,7,8,9,10,11,12,13",False
valve_0384_lidar_classes.ply,5753,14,0,13,"0,1,2,3,4,5,6,7,8,9,10,11,12,13",False
valve_0385_lidar_classes.ply,5813,14,0,13,"0,1,2,3,4,5,6,7,8,9,10,11,12,13",False
valve_0387_lidar_classes.ply,5989,14,0,13,"0,1,2,3,4,5,6,7,8,9,10,11,12,13",False
valve_0388_lidar_classes.ply,5910,14,0,13,"0,1,2,3,4,5,6,7,8,9,10,11,12,13",False
valve_0389_lidar_classes.ply,5653,14,0,13,"0,1,2,3,4,5,6,7,8,9,10,11,12,13",False
valve_0390_lidar_classes.ply,6002,14,0,13,"0,1,2,3,4,5,6,7,8,9,10,11,12,13",False
valve_0391_lidar_classes.ply,5858,14,0,13,"0,1,2,3,4,5,6,7,8,9,10,11,12,13",False
valve_0392_lidar_classes.ply,5833,14,0,13,"0,1,2,3,4,5,6,7,8,9,10,11,12,13",False
valve_0393_lidar_classes.ply,5690,14,0,13,"0,1,2,3,4,5,6,7,8,9,10,11,12,13",False
valve_0394_lidar_classes.ply,5813,14,0,13,"0,1,2,3,4,5,6,7,8,9,10,11,12,13",False
valve_0395_lidar_classes.ply,5693,14,0,13,"0,1,2,3,4,5,6,7,8,9,10,11,12,13",False
valve_0396_lidar_classes.ply,5918,14,0,13,"0,1,2,3,4,5,6,7,8,9,10,11,12,13",False
valve_0397_lidar_classes.ply,5744,14,0,13,"0,1,2,3,4,5,6,7,8,9,10,11,12,13",False
valve_0398_lidar_classes.ply,5648,14,0,13,"0,1,2,3,4,5,6,7,8,9,10,11,12,13",False
valve_0399_lidar_classes.ply,5826,14,0,13,"0,1,2,3,4,5,6,7,8,9,10,11,12,13",False
valve_0401_lidar_classes.ply,6067,14,0,13,"0,1,2,3,4,5,6,7,8,9,10,11,12,13",False
valve_0402_lidar_classes.ply,5658,14,0,13,"0,1,2,3,4,5,6,7,8,9,10,11,12,13",False
valve_0403_lidar_classes.ply,5701,14,0,13,"0,1,2,3,4,5,6,7,8,9,10,11,12,13",False
valve_0404_lidar_classes.ply,5822,14,0,13,"0,1,2,3,4,5,6,7,8,9,10,11,12,13",False
valve_0405_lidar_classes.ply,5681,14,0,13,"0,1,2,3,4,5,6,7,8,9,10,11,12,13",False
valve_0406_lidar_classes.ply,5744,14,0,13,"0,1,2,3,4,5,6,7,8,9,10,11,12,13",False
valve_0407_lidar_classes.ply,5542,14,0,13,"0,1,2,3,4,5,6,7,8,9,10,11,12,13",False
valve_0408_lidar_classes.ply,6012,14,0,13,"0,1,2,3,4,5,6,7,8,9,10,11,12,13",False
valve_0409_lidar_classes.ply,5996,14,0,13,"0,1,2,3,4,5,6,7,8,9,10,11,12,13",False
valve_0410_lidar_classes.ply,5816,14,0,13,"0,1,2,3,4,5,6,7,8,9,10,11,12,13",False
valve_0411_lidar_classes.ply,5788,14,0,13,"0,1,2,3,4,5,6,7,8,9,10,11,12,13",False
valve_0412_lidar_classes.ply,5823,14,0,13,"0,1,2,3,4,5,6,7,8,9,10,11,12,13",False
valve_0413_lidar_classes.ply,5633,14,0,13,"0,1,2,3,4,5,6,7,8,9,10,11,12,13",False
valve_0414_lidar_classes.ply,5776,14,0,13,"0,1,2,3,4,5,6,7,8,9,10,11,12,13",False
valve_0415_lidar_classes.ply,5898,14,0,13,"0,1,2,3,4,5,6,7,8,9,10,11,12,13",False
valve_0416_lidar_classes.ply,6082,14,0,13,"0,1,2,3,4,5,6,7,8,9,10,11,12,13",False
valve_0417_lidar_classes.ply,5871,14,0,13,"0,1,2,3,4,5,6,7,8,9,10,11,12,13",False
valve_0418_lidar_classes.ply,5793,14,0,13,"0,1,2,3,4,5,6,7,8,9,10,11,12,13",False
valve_0419_lidar_classes.ply,5811,14,0,13,"0,1,2,3,4,5,6,7,8,9,10,11,12,13",False
valve_0420_lidar_classes.ply,5606,14,0,13,"0,1,2,3,4,5,6,7,8,9,10,11,12,13",False
valve_0421_lidar_classes.ply,5997,14,0,13,"0,1,2,3,4,5,6,7,8,9,10,11,12,13",False
valve_0422_lidar_classes.ply,5692,14,0,13,"0,1,2,3,4,5,6,7,8,9,10,11,12,13",False
valve_0423_lidar_classes.ply,5919,14,0,13,"0,1,2,3,4,5,6,7,8,9,10,11,12,13",False
valve_0424_lidar_classes.ply,5788,14,0,13,"0,1,2,3,4,5,6,7,8,9,10,11,12,13",False
valve_0425_lidar_classes.ply,6046,14,0,13,"0,1,2,3,4,5,6,7,8,9,10,11,12,13",False
valve_0426_lidar_classes.ply,5801,14,0,13,"0,1,2,3,4,5,6,7,8,9,10,11,12,13",False
valve_0427_lidar_classes.ply,6074,14,0,13,"0,1,2,3,4,5,6,7,8,9,10,11,12,13",False
valve_0428_lidar_classes.ply,6016,14,0,13,"0,1,2,3,4,5,6,7,8,9,10,11,12,13",False
valve_0429_lidar_classes.ply,5791,14,0,13,"0,1,2,3,4,5,6,7,8,9,10,11,12,13",False
valve_0430_lidar_classes.ply,5914,14,0,13,"0,1,2,3,4,5,6,7,8,9,10,11,12,13",False
valve_0431_lidar_classes.ply,5812,14,0,13,"0,1,2,3,4,5,6,7,8,9,10,11,12,13",False
valve_0432_lidar_classes.ply,5979,14,0,13,"0,1,2,3,4,5,6,7,8,9,10,11,12,13",False
valve_0433_lidar_classes.ply,5781,14,0,13,"0,1,2,3,4,5,6,7,8,9,10,11,12,13",False
valve_0435_lidar_classes.ply,5930,14,0,13,"0,1,2,3,4,5,6,7,8,9,10,11,12,13",False
valve_0436_lidar_classes.ply,5773,14,0,13,"0,1,2,3,4,5,6,7,8,9,10,11,12,13",False
valve_0437_lidar_classes.ply,5676,14,0,13,"0,1,2,3,4,5,6,7,8,9,10,11,12,13",False
valve_0438_lidar_classes.ply,6038,14,0,13,"0,1,2,3,4,5,6,7,8,9,10,11,12,13",False
valve_0439_lidar_classes.ply,5539,14,0,13,"0,1,2,3,4,5,6,7,8,9,10,11,12,13",False
valve_0440_lidar_classes.ply,5670,14,0,13,"0,1,2,3,4,5,6,7,8,9,10,11,12,13",False
valve_0441_lidar_classes.ply,5708,14,0,13,"0,1,2,3,4,5,6,7,8,9,10,11,12,13",False
valve_0442_lidar_classes.ply,5805,14,0,13,"0,1,2,3,4,5,6,7,8,9,10,11,12,13",False
valve_0443_lidar_classes.ply,5666,14,0,13,"0,1,2,3,4,5,6,7,8,9,10,11,12,13",False
valve_0444_lidar_classes.ply,5941,14,0,13,"0,1,2,3,4,5,6,7,8,9,10,11,12,13",False
valve_0445_lidar_classes.ply,5904,14,0,13,"0,1,2,3,4,5,6,7,8,9,10,11,12,13",False
valve_0446_lidar_classes.ply,5893,14,0,13,"0,1,2,3,4,5,6,7,8,9,10,11,12,13",False
valve_0447_lidar_classes.ply,5915,14,0,13,"0,1,2,3,4,5,6,7,8,9,10,11,12,13",False
valve_0448_lidar_classes.ply,5798,14,0,13,"0,1,2,3,4,5,6,7,8,9,10,11,12,13",False
valve_0449_lidar_classes.ply,6005,14,0,13,"0,1,2,3,4,5,6,7,8,9,10,11,12,13",False
valve_0450_lidar_classes.ply,5782,14,0,13,"0,1,2,3,4,5,6,7,8,9,10,11,12,13",False
valve_0451_lidar_classes.ply,5656,14,0,13,"0,1,2,3,4,5,6,7,8,9,10,11,12,13",False
valve_0453_lidar_classes.ply,5540,14,0,13,"0,1,2,3,4,5,6,7,8,9,10,11,12,13",False
valve_0454_lidar_classes.ply,5844,14,0,13,"0,1,2,3,4,5,6,7,8,9,10,11,12,13",False
valve_0455_lidar_classes.ply,5779,14,0,13,"0,1,2,3,4,5,6,7,8,9,10,11,12,13",False
valve_0456_lidar_classes.ply,5716,14,0,13,"0,1,2,3,4,5,6,7,8,9,10,11,12,13",False
valve_0457_lidar_classes.ply,5739,14,0,13,"0,1,2,3,4,5,6,7,8,9,10,11,12,13",False
valve_0458_lidar_classes.ply,5802,14,0,13,"0,1,2,3,4,5,6,7,8,9,10,11,12,13",False
valve_0459_lidar_classes.ply,5825,14,0,13,"0,1,2,3,4,5,6,7,8,9,10,11,12,13",False
valve_0460_lidar_classes.ply,5699,14,0,13,"0,1,2,3,4,5,6,7,8,9,10,11,12,13",False
valve_0461_lidar_classes.ply,5612,14,0,13,"0,1,2,3,4,5,6,7,8,9,10,11,12,13",False
valve_0462_lidar_classes.ply,5671,14,0,13,"0,1,2,3,4,5,6,7,8,9,10,11,12,13",False
valve_0463_lidar_classes.ply,5901,14,0,13,"0,1,2,3,4,5,6,7,8,9,10,11,12,13",False
valve_0464_lidar_classes.ply,5704,14,0,13,"0,1,2,3,4,5,6,7,8,9,10,11,12,13",False
valve_0465_lidar_classes.ply,5856,14,0,13,"0,1,2,3,4,5,6,7,8,9,10,11,12,13",False
valve_0466_lidar_classes.ply,5899,14,0,13,"0,1,2,3,4,5,6,7,8,9,10,11,12,13",False
valve_0467_lidar_classes.ply,5831,14,0,13,"0,1,2,3,4,5,6,7,8,9,10,11,12,13",False
valve_0468_lidar_classes.ply,5761,14,0,13,"0,1,2,3,4,5,6,7,8,9,10,11,12,13",False
valve_0469_lidar_classes.ply,5839,14,0,13,"0,1,2,3,4,5,6,7,8,9,10,11,12,13",False
valve_0470_lidar_classes.ply,5822,14,0,13,"0,1,2,3,4,5,6,7,8,9,10,11,12,13",False
valve_0471_lidar_classes.ply,5998,14,0,13,"0,1,2,3,4,5,6,7,8,9,10,11,12,13",False
valve_0472_lidar_classes.ply,5665,14,0,13,"0,1,2,3,4,5,6,7,8,9,10,11,12,13",False
valve_0473_lidar_classes.ply,5686,14,0,13,"0,1,2,3,4,5,6,7,8,9,10,11,12,13",False
valve_0474_lidar_classes.ply,6072,14,0,13,"0,1,2,3,4,5,6,7,8,9,10,11,12,13",False
valve_0475_lidar_classes.ply,5848,14,0,13,"0,1,2,3,4,5,6,7,8,9,10,11,12,13",False
valve_0476_lidar_classes.ply,5758,14,0,13,"0,1,2,3,4,5,6,7,8,9,10,11,12,13",False
valve_0477_lidar_classes.ply,5948,14,0,13,"0,1,2,3,4,5,6,7,8,9,10,11,12,13",False
valve_0478_lidar_classes.ply,5906,14,0,13,"0,1,2,3,4,5,6,7,8,9,10,11,12,13",False
valve_0479_lidar_classes.ply,5779,14,0,13,"0,1,2,3,4,5,6,7,8,9,10,11,12,13",False
valve_0480_lidar_classes.ply,5797,14,0,13,"0,1,2,3,4,5,6,7,8,9,10,11,12,13",False
valve_0481_lidar_classes.ply,5955,14,0,13,"0,1,2,3,4,5,6,7,8,9,10,11,12,13",False
valve_0483_lidar_classes.ply,5998,14,0,13,"0,1,2,3,4,5,6,7,8,9,10,11,12,13",False
valve_0484_lidar_classes.ply,5734,14,0,13,"0,1,2,3,4,5,6,7,8,9,10,11,12,13",False
valve_0485_lidar_classes.ply,6035,14,0,13,"0,1,2,3,4,5,6,7,8,9,10,11,12,13",False
valve_0486_lidar_classes.ply,5736,14,0,13,"0,1,2,3,4,5,6,7,8,9,10,11,12,13",False
valve_0487_lidar_classes.ply,5707,14,0,13,"0,1,2,3,4,5,6,7,8,9,10,11,12,13",False
valve_0488_lidar_classes.ply,5724,14,0,13,"0,1,2,3,4,5,6,7,8,9,10,11,12,13",False
valve_0489_lidar_classes.ply,5878,14,0,13,"0,1,2,3,4,5,6,7,8,9,10,11,12,13",False
valve_0490_lidar_classes.ply,5915,14,0,13,"0,1,2,3,4,5,6,7,8,9,10,11,12,13",False
valve_0491_lidar_classes.ply,5949,14,0,13,"0,1,2,3,4,5,6,7,8,9,10,11,12,13",False
valve_0492_lidar_classes.ply,6091,14,0,13,"0,1,2,3,4,5,6,7,8,9,10,11,12,13",False
valve_0493_lidar_classes.ply,5763,14,0,13,"0,1,2,3,4,5,6,7,8,9,10,11,12,13",False
valve_0494_lidar_classes.ply,5899,14,0,13,"0,1,2,3,4,5,6,7,8,9,10,11,12,13",False
valve_0495_lidar_classes.ply,5769,14,0,13,"0,1,2,3,4,5,6,7,8,9,10,11,12,13",False
valve_0496_lidar_classes.ply,6010,14,0,13,"0,1,2,3,4,5,6,7,8,9,10,11,12,13",False
valve_0497_lidar_classes.ply,5683,14,0,13,"0,1,2,3,4,5,6,7,8,9,10,11,12,13",False
valve_0498_lidar_classes.ply,5977,14,0,13,"0,1,2,3,4,5,6,7,8,9,10,11,12,13",False
valve_0499_lidar_classes.ply,5689,14,0,13,"0,1,2,3,4,5,6,7,8,9,10,11,12,13",False
